{
  "hash": "d572547f",
  "configHash": "8532a727",
  "lockfileHash": "a6359929",
  "browserHash": "7a376d1f",
  "optimized": {
    "@angular/core": {
      "src": "../../../../../node_modules/@angular/core/fesm2022/core.mjs",
      "file": "@angular_core.js",
      "fileHash": "0607eceb",
      "needsInterop": false
    },
    "@angular/platform-browser": {
      "src": "../../../../../node_modules/@angular/platform-browser/fesm2022/platform-browser.mjs",
      "file": "@angular_platform-browser.js",
      "fileHash": "4db8ad7c",
      "needsInterop": false
    },
    "@angular/router": {
      "src": "../../../../../node_modules/@angular/router/fesm2022/router.mjs",
      "file": "@angular_router.js",
      "fileHash": "475c57ce",
      "needsInterop": false
    },
    "@angular/forms": {
      "src": "../../../../../node_modules/@angular/forms/fesm2022/forms.mjs",
      "file": "@angular_forms.js",
      "fileHash": "efcaa606",
      "needsInterop": false
    }
  },
  "chunks": {
    "chunk-IKS3X7DU": {
      "file": "chunk-IKS3X7DU.js"
    },
    "chunk-36R7ME4L": {
      "file": "chunk-36R7ME4L.js"
    },
    "chunk-6DT2DWOU": {
      "file": "chunk-6DT2DWOU.js"
    }
  }
}